"","therapeutic_area","brand","che_pc_usd","che_perc_gdp","cluster_nl","corporation","country","launch_date","date","drug_id","ind_launch_date","indication","insurance_perc_che","population","prev_perc","price_month","price_unit","public_perc_che","target","Country_Group","Price_Group","therapeutical_cluster","indication_number","avg_price_per_year","month_number"
"1","THER_AREA_22ED","BRAND_A368",1.24547440699126,1.6156953433643,"BRAND_A368_COUNTRY_6B71","CORP_2F31","COUNTRY_6B71",2014-12-01,2019-07-01,"DRUG_ID_52A5","-1","['IND_617C']",1.41333333333333,1.05118317972389,0.0903512467344746,-1,1.00565599213584,1.52238805970149,1.01564836428518,2,2,1,1,1.01715112759651,7
"2","THER_AREA_22ED","BRAND_A368",1.23096129837703,1.58207236192811,"BRAND_A368_COUNTRY_6B71","CORP_2F31","COUNTRY_6B71",2014-12-01,2018-08-01,"DRUG_ID_52A5","-1","['IND_617C']",1.42666666666667,1.05167125812923,0.089377327176947,-1,1.00571824773797,1.52238805970149,1.01287079750315,2,2,1,1,1.01715112759651,8
"3","THER_AREA_22ED","BRAND_8DD7",1.07911985018727,1.62334743269972,"BRAND_8DD7_COUNTRY_C89B","CORP_65BB","COUNTRY_C89B",2018-09-01,2018-10-01,"DRUG_ID_52A5","2020-01-01 00:00:00","['IND_617C']",-1,1.43206214256279,0.0638705019308116,-1,1.00184427786667,1.59701492537313,1.00790233712514,2,2,1,1,1.01715112759651,10
"4","THER_AREA_22ED","BRAND_8DD7",1.08411360799001,1.6735362537229,"BRAND_8DD7_COUNTRY_C89B","CORP_65BB","COUNTRY_C89B",2018-09-01,2019-08-01,"DRUG_ID_52A5","2020-01-01 00:00:00","['IND_617C']",-1,1.43784409633128,0.0638705019308116,-1,1.00173022679277,1.59701492537313,1.01175619507218,2,2,1,1,1.01715112759651,8
"5","THER_AREA_22ED","BRAND_A368",1.26061173533084,1.7063557388159,"BRAND_A368_COUNTRY_6B71","CORP_2F31","COUNTRY_6B71",2014-12-01,2015-01-01,"DRUG_ID_52A5","-1","['IND_617C']",1.34666666666667,1.05308474584073,0.0873799091955145,-1,1.00659772952772,1.59701492537313,1.00266723033607,2,2,1,1,1.01715112759651,1
"6","THER_AREA_22ED","BRAND_8DD7",1.07911985018727,1.62334743269972,"BRAND_8DD7_COUNTRY_C89B","CORP_65BB","COUNTRY_C89B",2018-09-01,2018-11-01,"DRUG_ID_52A5","2020-01-01 00:00:00","['IND_617C']",-1,1.43206214256279,0.0638705019308116,-1,1.00172422232718,1.59701492537313,1.00886369449228,2,2,1,1,1.01715112759651,11
"7","THER_AREA_22ED","BRAND_A368",1.26061173533084,1.7063557388159,"BRAND_A368_COUNTRY_6B71","CORP_2F31","COUNTRY_6B71",2014-12-01,2015-04-01,"DRUG_ID_52A5","-1","['IND_617C']",1.34666666666667,1.05308474584073,0.0873799091955145,-1,1.0066855842333,1.59701492537313,1.00704544180986,2,2,1,1,1.01715112759651,4
"8","THER_AREA_22ED","BRAND_8DD7",1.06664446401373,1.52749465978934,"BRAND_8DD7_COUNTRY_C89B","CORP_65BB","COUNTRY_C89B",2018-09-01,2022-09-01,"DRUG_ID_52A5","2020-01-01 00:00:00","['IND_617C']",-1,1.45483681129935,0.0638705019308116,-1,1.00164016518615,1.67598078059702,1.03127093231794,2,2,1,1,1.01715112759651,9
"9","THER_AREA_22ED","BRAND_8DD7",1.06664446401373,1.52749465978934,"BRAND_8DD7_COUNTRY_C89B","CORP_65BB","COUNTRY_C89B",2018-09-01,2022-01-01,"DRUG_ID_52A5","2020-01-01 00:00:00","['IND_617C']",-1,1.45483681129935,0.0638705019308116,-1,1.00157787506892,1.67598078059702,1.02851022249293,2,2,1,1,1.01715112759651,1
"10","THER_AREA_22ED","BRAND_8DD7",1.06664446401373,1.52749465978934,"BRAND_8DD7_COUNTRY_C89B","CORP_65BB","COUNTRY_C89B",2018-09-01,2022-10-01,"DRUG_ID_52A5","2020-01-01 00:00:00","['IND_617C']",-1,1.45483681129935,0.0638705019308116,-1,1.00164996074391,1.67598078059702,1.03073508541139,2,2,1,1,1.01715112759651,10
"11","THER_AREA_22ED","BRAND_8DD7",1.08411360799001,1.6735362537229,"BRAND_8DD7_COUNTRY_C89B","CORP_65BB","COUNTRY_C89B",2018-09-01,2019-02-01,"DRUG_ID_52A5","2020-01-01 00:00:00","['IND_617C']",-1,1.43784409633128,0.0638705019308116,-1,1.0020850376622,1.59701492537313,1.01003806249814,2,2,1,1,1.01715112759651,2
"12","THER_AREA_22ED","BRAND_A368",1.23096129837703,1.58207236192811,"BRAND_A368_COUNTRY_6B71","CORP_2F31","COUNTRY_6B71",2014-12-01,2018-07-01,"DRUG_ID_52A5","-1","['IND_617C']",1.42666666666667,1.05167125812923,0.089377327176947,-1,1.00557551736712,1.52238805970149,1.01809645417996,2,2,1,1,1.01715112759651,7
"13","THER_AREA_22ED","BRAND_A368",1.26061173533084,1.7063557388159,"BRAND_A368_COUNTRY_6B71","CORP_2F31","COUNTRY_6B71",2014-12-01,2015-09-01,"DRUG_ID_52A5","-1","['IND_617C']",1.34666666666667,1.05308474584073,0.0873799091955145,-1,1.00625014696914,1.59701492537313,1.00939622108911,2,2,1,1,1.01715112759651,9
"14","THER_AREA_22ED","BRAND_8DD7",1.07178526841448,1.61736326000107,"BRAND_8DD7_COUNTRY_C89B","CORP_65BB","COUNTRY_C89B",2018-09-01,2021-12-01,"DRUG_ID_52A5","2020-01-01 00:00:00","['IND_617C']",-1,1.44994975210589,0.0638705019308116,-1,1.00162354552589,1.67164179104478,1.02584861114254,2,2,1,1,1.01715112759651,12
"15","THER_AREA_22ED","BRAND_8DD7",1.08411360799001,1.6735362537229,"BRAND_8DD7_COUNTRY_C89B","CORP_65BB","COUNTRY_C89B",2018-09-01,2019-04-01,"DRUG_ID_52A5","2020-01-01 00:00:00","['IND_617C']",-1,1.43784409633128,0.0638705019308116,-1,1.00205756263107,1.59701492537313,1.01031952259872,2,2,1,1,1.01715112759651,4
"16","THER_AREA_22ED","BRAND_A368",1.26061173533084,1.7063557388159,"BRAND_A368_COUNTRY_6B71","CORP_2F31","COUNTRY_6B71",2014-12-01,2015-12-01,"DRUG_ID_52A5","-1","['IND_617C']",1.34666666666667,1.05308474584073,0.0873799091955145,-1,1.00596423761442,1.59701492537313,1.01145915505678,2,2,1,1,1.01715112759651,12
"17","THER_AREA_22ED","BRAND_A368",1.23096129837703,1.58207236192811,"BRAND_A368_COUNTRY_6B71","CORP_2F31","COUNTRY_6B71",2014-12-01,2018-05-01,"DRUG_ID_52A5","-1","['IND_617C']",1.42666666666667,1.05167125812923,0.089377327176947,-1,1.00534740162807,1.52238805970149,1.02221440445367,2,2,1,1,1.01715112759651,5
"18","THER_AREA_22ED","BRAND_A368",1.26061173533084,1.7063557388159,"BRAND_A368_COUNTRY_6B71","CORP_2F31","COUNTRY_6B71",2014-12-01,2015-11-01,"DRUG_ID_52A5","-1","['IND_617C']",1.34666666666667,1.05308474584073,0.0873799091955145,-1,1.00604053175729,1.59701492537313,1.00990780419388,2,2,1,1,1.01715112759651,11
"19","THER_AREA_22ED","BRAND_A368",1.22643570536829,1.57956169828146,"BRAND_A368_COUNTRY_6B71","CORP_2F31","COUNTRY_6B71",2014-12-01,2016-05-01,"DRUG_ID_52A5","-1","['IND_617C']",1.38666666666667,1.05261843174035,0.0875103054134562,-1,1.00540439744279,1.61194029850746,1.0118116187036,2,2,1,1,1.01715112759651,5
"20","THER_AREA_22ED","BRAND_A368",1.23142946317104,1.59732044322503,"BRAND_A368_COUNTRY_6B71","CORP_2F31","COUNTRY_6B71",2014-12-01,2017-05-01,"DRUG_ID_52A5","-1","['IND_617C']",1.4,1.05214739058857,0.0884584421473637,-1,1.00547416724595,1.50746268656716,1.02486758732555,2,2,1,1,1.01715112759651,5
"21","THER_AREA_22ED","BRAND_A368",1.22643570536829,1.57956169828146,"BRAND_A368_COUNTRY_6B71","CORP_2F31","COUNTRY_6B71",2014-12-01,2016-01-01,"DRUG_ID_52A5","-1","['IND_617C']",1.38666666666667,1.05261843174035,0.0875103054134562,-1,1.00564083134363,1.61194029850746,1.01125942565691,2,2,1,1,1.01715112759651,1
"22","THER_AREA_22ED","BRAND_8DD7",1.08114856429463,1.65126942460334,"BRAND_8DD7_COUNTRY_C89B","CORP_65BB","COUNTRY_C89B",2018-09-01,2020-03-01,"DRUG_ID_52A5","2020-01-01 00:00:00","['IND_617C']",-1,1.44403164932279,0.0638705019308116,-1,1.00170345626161,1.61194029850746,1.011922210558,2,2,1,1,1.01715112759651,3
"23","THER_AREA_22ED","BRAND_8DD7",1.06664446401373,1.52749465978934,"BRAND_8DD7_COUNTRY_C89B","CORP_65BB","COUNTRY_C89B",2018-09-01,2022-12-01,"DRUG_ID_52A5","2020-01-01 00:00:00","['IND_617C']",-1,1.45483681129935,0.0638705019308116,-1,1.00152475120175,1.67598078059702,1.02965317526071,2,2,1,1,1.01715112759651,12
"24","THER_AREA_22ED","BRAND_A368",1.23142946317104,1.59732044322503,"BRAND_A368_COUNTRY_6B71","CORP_2F31","COUNTRY_6B71",2014-12-01,2017-02-01,"DRUG_ID_52A5","-1","['IND_617C']",1.4,1.05214739058857,0.0884584421473637,-1,1.00537223019522,1.50746268656716,1.02086967901851,2,2,1,1,1.01715112759651,2
"25","THER_AREA_22ED","BRAND_8DD7",1.06664446401373,1.52749465978934,"BRAND_8DD7_COUNTRY_C89B","CORP_65BB","COUNTRY_C89B",2018-09-01,2022-05-01,"DRUG_ID_52A5","2020-01-01 00:00:00","['IND_617C']",-1,1.45483681129935,0.0638705019308116,-1,1.00173815589475,1.67598078059702,1.03153987740497,2,2,1,1,1.01715112759651,5
"26","THER_AREA_22ED","BRAND_A368",1.22643570536829,1.57956169828146,"BRAND_A368_COUNTRY_6B71","CORP_2F31","COUNTRY_6B71",2014-12-01,2016-08-01,"DRUG_ID_52A5","-1","['IND_617C']",1.38666666666667,1.05261843174035,0.0875103054134562,-1,1.00539098804942,1.61194029850746,1.01385386458766,2,2,1,1,1.01715112759651,8
"27","THER_AREA_22ED","BRAND_A368",1.22643570536829,1.57956169828146,"BRAND_A368_COUNTRY_6B71","CORP_2F31","COUNTRY_6B71",2014-12-01,2016-12-01,"DRUG_ID_52A5","-1","['IND_617C']",1.38666666666667,1.05261843174035,0.0875103054134562,-1,1.00526933728241,1.61194029850746,1.02074733837588,2,2,1,1,1.01715112759651,12
"28","THER_AREA_22ED","BRAND_A368",1.24547440699126,1.6156953433643,"BRAND_A368_COUNTRY_6B71","CORP_2F31","COUNTRY_6B71",2014-12-01,2019-09-01,"DRUG_ID_52A5","-1","['IND_617C']",1.41333333333333,1.05118317972389,0.0903512467344746,-1,1.00564457279386,1.52238805970149,1.01460655325953,2,2,1,1,1.01715112759651,9
"29","THER_AREA_22ED","BRAND_A368",1.22643570536829,1.57956169828146,"BRAND_A368_COUNTRY_6B71","CORP_2F31","COUNTRY_6B71",2014-12-01,2016-03-01,"DRUG_ID_52A5","-1","['IND_617C']",1.38666666666667,1.05261843174035,0.0875103054134562,-1,1.00524500657152,1.61194029850746,1.01404746418497,2,2,1,1,1.01715112759651,3
"30","THER_AREA_22ED","BRAND_A368",1.22643570536829,1.57956169828146,"BRAND_A368_COUNTRY_6B71","CORP_2F31","COUNTRY_6B71",2014-12-01,2016-11-01,"DRUG_ID_52A5","-1","['IND_617C']",1.38666666666667,1.05261843174035,0.0875103054134562,-1,1.0051980880583,1.61194029850746,1.01836539926699,2,2,1,1,1.01715112759651,11
"31","THER_AREA_22ED","BRAND_A368",1.23096129837703,1.58207236192811,"BRAND_A368_COUNTRY_6B71","CORP_2F31","COUNTRY_6B71",2014-12-01,2018-06-01,"DRUG_ID_52A5","-1","['IND_617C']",1.42666666666667,1.05167125812923,0.089377327176947,-1,1.00543681597296,1.52238805970149,1.021492620203,2,2,1,1,1.01715112759651,6
"32","THER_AREA_22ED","BRAND_A368",1.24547440699126,1.6156953433643,"BRAND_A368_COUNTRY_6B71","CORP_2F31","COUNTRY_6B71",2014-12-01,2019-05-01,"DRUG_ID_52A5","-1","['IND_617C']",1.41333333333333,1.05118317972389,0.0903512467344746,-1,1.00572337089065,1.52238805970149,1.01864864722664,2,2,1,1,1.01715112759651,5
"33","THER_AREA_22ED","BRAND_8DD7",1.07911985018727,1.62334743269972,"BRAND_8DD7_COUNTRY_C89B","CORP_65BB","COUNTRY_C89B",2018-09-01,2018-09-01,"DRUG_ID_52A5","2020-01-01 00:00:00","['IND_617C']",-1,1.43206214256279,0.0638705019308116,-1,1.00015959721956,1.59701492537313,1.00064771580315,2,2,1,1,1.01715112759651,9
"34","THER_AREA_22ED","BRAND_A368",1.22643570536829,1.57956169828146,"BRAND_A368_COUNTRY_6B71","CORP_2F31","COUNTRY_6B71",2014-12-01,2016-10-01,"DRUG_ID_52A5","-1","['IND_617C']",1.38666666666667,1.05261843174035,0.0875103054134562,-1,1.00543616846526,1.61194029850746,1.0195098844854,2,2,1,1,1.01715112759651,10
"35","THER_AREA_22ED","BRAND_8DD7",1.06664446401373,1.52749465978934,"BRAND_8DD7_COUNTRY_C89B","CORP_65BB","COUNTRY_C89B",2018-09-01,2022-04-01,"DRUG_ID_52A5","2020-01-01 00:00:00","['IND_617C']",-1,1.45483681129935,0.0638705019308116,-1,1.00169101245546,1.67598078059702,1.02827396968619,2,2,1,1,1.01715112759651,4
"36","THER_AREA_22ED","BRAND_8DD7",1.07911985018727,1.62334743269972,"BRAND_8DD7_COUNTRY_C89B","CORP_65BB","COUNTRY_C89B",2018-09-01,2018-12-01,"DRUG_ID_52A5","2020-01-01 00:00:00","['IND_617C']",-1,1.43206214256279,0.0638705019308116,-1,1.00202893634518,1.59701492537313,1.00927668993931,2,2,1,1,1.01715112759651,12
"37","THER_AREA_22ED","BRAND_A368",1.26061173533084,1.7063557388159,"BRAND_A368_COUNTRY_6B71","CORP_2F31","COUNTRY_6B71",2014-12-01,2015-07-01,"DRUG_ID_52A5","-1","['IND_617C']",1.34666666666667,1.05308474584073,0.0873799091955145,-1,1.0065571031634,1.59701492537313,1.01511788095586,2,2,1,1,1.01715112759651,7
"38","THER_AREA_22ED","BRAND_8DD7",1.07178526841448,1.61736326000107,"BRAND_8DD7_COUNTRY_C89B","CORP_65BB","COUNTRY_C89B",2018-09-01,2021-07-01,"DRUG_ID_52A5","2020-01-01 00:00:00","['IND_617C']",-1,1.44994975210589,0.0638705019308116,-1,1.00139947513026,1.67164179104478,1.02101704968823,2,2,1,1,1.01715112759651,7
"39","THER_AREA_22ED","BRAND_A368",1.24547440699126,1.6156953433643,"BRAND_A368_COUNTRY_6B71","CORP_2F31","COUNTRY_6B71",2014-12-01,2019-11-01,"DRUG_ID_52A5","-1","['IND_617C']",1.41333333333333,1.05118317972389,0.0903512467344746,-1,1.00550124898348,1.52238805970149,1.01473374666251,2,2,1,1,1.01715112759651,11
"40","THER_AREA_22ED","BRAND_8DD7",1.06664446401373,1.52749465978934,"BRAND_8DD7_COUNTRY_C89B","CORP_65BB","COUNTRY_C89B",2018-09-01,2022-03-01,"DRUG_ID_52A5","2020-01-01 00:00:00","['IND_617C']",-1,1.45483681129935,0.0638705019308116,-1,1.00162466732638,1.67598078059702,1.02624960239291,2,2,1,1,1.01715112759651,3
"41","THER_AREA_22ED","BRAND_8DD7",1.08411360799001,1.6735362537229,"BRAND_8DD7_COUNTRY_C89B","CORP_65BB","COUNTRY_C89B",2018-09-01,2019-10-01,"DRUG_ID_52A5","2020-01-01 00:00:00","['IND_617C']",-1,1.43784409633128,0.0638705019308116,-1,1.00164982234621,1.59701492537313,1.01116645698485,2,2,1,1,1.01715112759651,10
"42","THER_AREA_22ED","BRAND_A368",1.24547440699126,1.6156953433643,"BRAND_A368_COUNTRY_6B71","CORP_2F31","COUNTRY_6B71",2014-12-01,2019-04-01,"DRUG_ID_52A5","-1","['IND_617C']",1.41333333333333,1.05118317972389,0.0903512467344746,-1,1.00594373066582,1.52238805970149,1.01495518577976,2,2,1,1,1.01715112759651,4
"43","THER_AREA_22ED","BRAND_8DD7",1.08411360799001,1.6735362537229,"BRAND_8DD7_COUNTRY_C89B","CORP_65BB","COUNTRY_C89B",2018-09-01,2019-06-01,"DRUG_ID_52A5","2020-01-01 00:00:00","['IND_617C']",-1,1.43784409633128,0.0638705019308116,-1,1.00186747421,1.59701492537313,1.0100699885531,2,2,1,1,1.01715112759651,6
"44","THER_AREA_22ED","BRAND_A368",1.23096129837703,1.58207236192811,"BRAND_A368_COUNTRY_6B71","CORP_2F31","COUNTRY_6B71",2014-12-01,2018-09-01,"DRUG_ID_52A5","-1","['IND_617C']",1.42666666666667,1.05167125812923,0.089377327176947,-1,1.00576513553624,1.52238805970149,1.02316682252541,2,2,1,1,1.01715112759651,9
"45","THER_AREA_22ED","BRAND_A368",1.23096129837703,1.58207236192811,"BRAND_A368_COUNTRY_6B71","CORP_2F31","COUNTRY_6B71",2014-12-01,2018-12-01,"DRUG_ID_52A5","-1","['IND_617C']",1.42666666666667,1.05167125812923,0.089377327176947,-1,1.00572930691505,1.52238805970149,1.0167800790816,2,2,1,1,1.01715112759651,12
"46","THER_AREA_22ED","BRAND_8DD7",1.08114856429463,1.65126942460334,"BRAND_8DD7_COUNTRY_C89B","CORP_65BB","COUNTRY_C89B",2018-09-01,2020-07-01,"DRUG_ID_52A5","2020-01-01 00:00:00","['IND_617C']",-1,1.44403164932279,0.0638705019308116,-1,1.00172696579318,1.61194029850746,1.01490844603529,2,2,1,1,1.01715112759651,7
"47","THER_AREA_22ED","BRAND_A368",1.23096129837703,1.58207236192811,"BRAND_A368_COUNTRY_6B71","CORP_2F31","COUNTRY_6B71",2014-12-01,2018-04-01,"DRUG_ID_52A5","-1","['IND_617C']",1.42666666666667,1.05167125812923,0.089377327176947,-1,1.00518569031538,1.52238805970149,1.01808138508201,2,2,1,1,1.01715112759651,4
"48","THER_AREA_22ED","BRAND_8DD7",1.06664446401373,1.52749465978934,"BRAND_8DD7_COUNTRY_C89B","CORP_65BB","COUNTRY_C89B",2018-09-01,2022-07-01,"DRUG_ID_52A5","2020-01-01 00:00:00","['IND_617C']",-1,1.45483681129935,0.0638705019308116,-1,1.00167023848907,1.67598078059702,1.02844534874924,2,2,1,1,1.01715112759651,7
"49","THER_AREA_22ED","BRAND_8DD7",1.07178526841448,1.61736326000107,"BRAND_8DD7_COUNTRY_C89B","CORP_65BB","COUNTRY_C89B",2018-09-01,2021-03-01,"DRUG_ID_52A5","2020-01-01 00:00:00","['IND_617C']",-1,1.44994975210589,0.0638705019308116,-1,1.00144818025945,1.67164179104478,1.01886089164006,2,2,1,1,1.01715112759651,3
"50","THER_AREA_22ED","BRAND_8DD7",1.08114856429463,1.65126942460334,"BRAND_8DD7_COUNTRY_C89B","CORP_65BB","COUNTRY_C89B",2018-09-01,2020-04-01,"DRUG_ID_52A5","2020-01-01 00:00:00","['IND_617C']",-1,1.44403164932279,0.0638705019308116,-1,1.00168920475134,1.61194029850746,1.01375553233836,2,2,1,1,1.01715112759651,4
"51","THER_AREA_22ED","BRAND_8DD7",1.08114856429463,1.65126942460334,"BRAND_8DD7_COUNTRY_C89B","CORP_65BB","COUNTRY_C89B",2018-09-01,2020-10-01,"DRUG_ID_52A5","2020-01-01 00:00:00","['IND_617C']",-1,1.44403164932279,0.0638705019308116,-1,1.00160619822577,1.61194029850746,1.01515440436274,2,2,1,1,1.01715112759651,10
"52","THER_AREA_22ED","BRAND_8DD7",1.07178526841448,1.61736326000107,"BRAND_8DD7_COUNTRY_C89B","CORP_65BB","COUNTRY_C89B",2018-09-01,2021-09-01,"DRUG_ID_52A5","2020-01-01 00:00:00","['IND_617C']",-1,1.44994975210589,0.0638705019308116,-1,1.00142454470408,1.67164179104478,1.02333717995471,2,2,1,1,1.01715112759651,9
"53","THER_AREA_22ED","BRAND_A368",1.23096129837703,1.58207236192811,"BRAND_A368_COUNTRY_6B71","CORP_2F31","COUNTRY_6B71",2014-12-01,2018-11-01,"DRUG_ID_52A5","-1","['IND_617C']",1.42666666666667,1.05167125812923,0.089377327176947,-1,1.00568111691585,1.52238805970149,1.01803847646414,2,2,1,1,1.01715112759651,11
"54","THER_AREA_22ED","BRAND_A368",1.23142946317104,1.59732044322503,"BRAND_A368_COUNTRY_6B71","CORP_2F31","COUNTRY_6B71",2014-12-01,2017-11-01,"DRUG_ID_52A5","-1","['IND_617C']",1.4,1.05214739058857,0.0884584421473637,-1,1.00522806506625,1.50746268656716,1.02055731449672,2,2,1,1,1.01715112759651,11
"55","THER_AREA_22ED","BRAND_A368",1.24547440699126,1.6156953433643,"BRAND_A368_COUNTRY_6B71","CORP_2F31","COUNTRY_6B71",2014-12-01,2019-10-01,"DRUG_ID_52A5","-1","['IND_617C']",1.41333333333333,1.05118317972389,0.0903512467344746,-1,1.00556395736502,1.52238805970149,1.01602049438186,2,2,1,1,1.01715112759651,10
"56","THER_AREA_22ED","BRAND_8DD7",1.07178526841448,1.61736326000107,"BRAND_8DD7_COUNTRY_C89B","CORP_65BB","COUNTRY_C89B",2018-09-01,2021-06-01,"DRUG_ID_52A5","2020-01-01 00:00:00","['IND_617C']",-1,1.44994975210589,0.0638705019308116,-1,1.00140428553889,1.67164179104478,1.02033383211196,2,2,1,1,1.01715112759651,6
"57","THER_AREA_22ED","BRAND_A368",1.23142946317104,1.59732044322503,"BRAND_A368_COUNTRY_6B71","CORP_2F31","COUNTRY_6B71",2014-12-01,2017-04-01,"DRUG_ID_52A5","-1","['IND_617C']",1.4,1.05214739058857,0.0884584421473637,-1,1.00548881156976,1.50746268656716,1.02198709094231,2,2,1,1,1.01715112759651,4
"58","THER_AREA_22ED","BRAND_A368",1.26061173533084,1.7063557388159,"BRAND_A368_COUNTRY_6B71","CORP_2F31","COUNTRY_6B71",2014-12-01,2015-06-01,"DRUG_ID_52A5","-1","['IND_617C']",1.34666666666667,1.05308474584073,0.0873799091955145,-1,1.00658239393034,1.59701492537313,1.01049166788709,2,2,1,1,1.01715112759651,6
"59","THER_AREA_22ED","BRAND_A368",1.22643570536829,1.57956169828146,"BRAND_A368_COUNTRY_6B71","CORP_2F31","COUNTRY_6B71",2014-12-01,2016-06-01,"DRUG_ID_52A5","-1","['IND_617C']",1.38666666666667,1.05261843174035,0.0875103054134562,-1,1.00543183300653,1.61194029850746,1.01240340005845,2,2,1,1,1.01715112759651,6
"60","THER_AREA_22ED","BRAND_8DD7",1.08411360799001,1.6735362537229,"BRAND_8DD7_COUNTRY_C89B","CORP_65BB","COUNTRY_C89B",2018-09-01,2019-07-01,"DRUG_ID_52A5","2020-01-01 00:00:00","['IND_617C']",-1,1.43784409633128,0.0638705019308116,-1,1.00177770204103,1.59701492537313,1.01185605977211,2,2,1,1,1.01715112759651,7
"61","THER_AREA_22ED","BRAND_8DD7",1.08411360799001,1.6735362537229,"BRAND_8DD7_COUNTRY_C89B","CORP_65BB","COUNTRY_C89B",2018-09-01,2019-09-01,"DRUG_ID_52A5","2020-01-01 00:00:00","['IND_617C']",-1,1.43784409633128,0.0638705019308116,-1,1.0016461134882,1.59701492537313,1.01136490934252,2,2,1,1,1.01715112759651,9
"62","THER_AREA_22ED","BRAND_A368",1.22643570536829,1.57956169828146,"BRAND_A368_COUNTRY_6B71","CORP_2F31","COUNTRY_6B71",2014-12-01,2016-02-01,"DRUG_ID_52A5","-1","['IND_617C']",1.38666666666667,1.05261843174035,0.0875103054134562,-1,1.00549905561709,1.61194029850746,1.01187955734857,2,2,1,1,1.01715112759651,2
"63","THER_AREA_22ED","BRAND_A368",1.26061173533084,1.7063557388159,"BRAND_A368_COUNTRY_6B71","CORP_2F31","COUNTRY_6B71",2014-12-01,2015-02-01,"DRUG_ID_52A5","-1","['IND_617C']",1.34666666666667,1.05308474584073,0.0873799091955145,-1,1.00661297311936,1.59701492537313,1.00277782219047,2,2,1,1,1.01715112759651,2
"64","THER_AREA_22ED","BRAND_A368",1.23142946317104,1.59732044322503,"BRAND_A368_COUNTRY_6B71","CORP_2F31","COUNTRY_6B71",2014-12-01,2017-01-01,"DRUG_ID_52A5","-1","['IND_617C']",1.4,1.05214739058857,0.0884584421473637,-1,1.00525857379107,1.50746268656716,1.01813067891088,2,2,1,1,1.01715112759651,1
"65","THER_AREA_22ED","BRAND_8DD7",1.07178526841448,1.61736326000107,"BRAND_8DD7_COUNTRY_C89B","CORP_65BB","COUNTRY_C89B",2018-09-01,2021-10-01,"DRUG_ID_52A5","2020-01-01 00:00:00","['IND_617C']",-1,1.44994975210589,0.0638705019308116,-1,1.00146250002106,1.67164179104478,1.02170179971514,2,2,1,1,1.01715112759651,10
"66","THER_AREA_22ED","BRAND_A368",1.28121098626717,1.75506501861618,"BRAND_A368_COUNTRY_6B71","CORP_2F31","COUNTRY_6B71",2014-12-01,2014-12-01,"DRUG_ID_52A5","-1","['IND_617C']",1.41333333333333,1.05351138913495,0.0873946751987922,-1,1.00663244406512,1.65671641791045,1.00183638668163,2,2,1,1,1.01715112759651,12
"67","THER_AREA_22ED","BRAND_A368",1.23096129837703,1.58207236192811,"BRAND_A368_COUNTRY_6B71","CORP_2F31","COUNTRY_6B71",2014-12-01,2018-10-01,"DRUG_ID_52A5","-1","['IND_617C']",1.42666666666667,1.05167125812923,0.089377327176947,-1,1.00569070870622,1.52238805970149,1.01685874488104,2,2,1,1,1.01715112759651,10
"68","THER_AREA_22ED","BRAND_A368",1.23096129837703,1.58207236192811,"BRAND_A368_COUNTRY_6B71","CORP_2F31","COUNTRY_6B71",2014-12-01,2018-01-01,"DRUG_ID_52A5","-1","['IND_617C']",1.42666666666667,1.05167125812923,0.089377327176947,-1,1.00514274440934,1.52238805970149,1.01769341966207,2,2,1,1,1.01715112759651,1
"69","THER_AREA_22ED","BRAND_A368",1.23142946317104,1.59732044322503,"BRAND_A368_COUNTRY_6B71","CORP_2F31","COUNTRY_6B71",2014-12-01,2017-10-01,"DRUG_ID_52A5","-1","['IND_617C']",1.4,1.05214739058857,0.0884584421473637,-1,1.00533800666329,1.50746268656716,1.02179885492223,2,2,1,1,1.01715112759651,10
"70","THER_AREA_22ED","BRAND_8DD7",1.08411360799001,1.6735362537229,"BRAND_8DD7_COUNTRY_C89B","CORP_65BB","COUNTRY_C89B",2018-09-01,2019-03-01,"DRUG_ID_52A5","2020-01-01 00:00:00","['IND_617C']",-1,1.43784409633128,0.0638705019308116,-1,1.00213027348848,1.59701492537313,1.01164407076714,2,2,1,1,1.01715112759651,3
"71","THER_AREA_22ED","BRAND_8DD7",1.07178526841448,1.61736326000107,"BRAND_8DD7_COUNTRY_C89B","CORP_65BB","COUNTRY_C89B",2018-09-01,2021-08-01,"DRUG_ID_52A5","2020-01-01 00:00:00","['IND_617C']",-1,1.44994975210589,0.0638705019308116,-1,1.00136414296588,1.67164179104478,1.02286467434121,2,2,1,1,1.01715112759651,8
"72","THER_AREA_22ED","BRAND_8DD7",1.06664446401373,1.52749465978934,"BRAND_8DD7_COUNTRY_C89B","CORP_65BB","COUNTRY_C89B",2018-09-01,2022-06-01,"DRUG_ID_52A5","2020-01-01 00:00:00","['IND_617C']",-1,1.45483681129935,0.0638705019308116,-1,1.00169064963431,1.67598078059702,1.03015990560513,2,2,1,1,1.01715112759651,6
"73","THER_AREA_22ED","BRAND_8DD7",1.08114856429463,1.65126942460334,"BRAND_8DD7_COUNTRY_C89B","CORP_65BB","COUNTRY_C89B",2018-09-01,2020-06-01,"DRUG_ID_52A5","2020-01-01 00:00:00","['IND_617C']",-1,1.44403164932279,0.0638705019308116,-1,1.00204758619526,1.61194029850746,1.01880368014956,2,2,1,1,1.01715112759651,6
"74","THER_AREA_22ED","BRAND_8DD7",1.08411360799001,1.6735362537229,"BRAND_8DD7_COUNTRY_C89B","CORP_65BB","COUNTRY_C89B",2018-09-01,2019-01-01,"DRUG_ID_52A5","2020-01-01 00:00:00","['IND_617C']",-1,1.43784409633128,0.0638705019308116,-1,1.00208291049802,1.59701492537313,1.00858274520858,2,2,1,1,1.01715112759651,1
"75","THER_AREA_22ED","BRAND_8DD7",1.08411360799001,1.6735362537229,"BRAND_8DD7_COUNTRY_C89B","CORP_65BB","COUNTRY_C89B",2018-09-01,2019-11-01,"DRUG_ID_52A5","2020-01-01 00:00:00","['IND_617C']",-1,1.43784409633128,0.0638705019308116,-1,1.00168566596467,1.59701492537313,1.01277374229605,2,2,1,1,1.01715112759651,11
"76","THER_AREA_22ED","BRAND_A368",1.24547440699126,1.6156953433643,"BRAND_A368_COUNTRY_6B71","CORP_2F31","COUNTRY_6B71",2014-12-01,2019-03-01,"DRUG_ID_52A5","-1","['IND_617C']",1.41333333333333,1.05118317972389,0.0903512467344746,-1,1.00597114075356,1.52238805970149,1.01971370042031,2,2,1,1,1.01715112759651,3
"77","THER_AREA_22ED","BRAND_8DD7",1.06664446401373,1.52749465978934,"BRAND_8DD7_COUNTRY_C89B","CORP_65BB","COUNTRY_C89B",2018-09-01,2022-11-01,"DRUG_ID_52A5","2020-01-01 00:00:00","['IND_617C']",-1,1.45483681129935,0.0638705019308116,-1,1.00155599359944,1.67598078059702,1.03173015669257,2,2,1,1,1.01715112759651,11
"78","THER_AREA_22ED","BRAND_8DD7",1.07178526841448,1.61736326000107,"BRAND_8DD7_COUNTRY_C89B","CORP_65BB","COUNTRY_C89B",2018-09-01,2021-11-01,"DRUG_ID_52A5","2020-01-01 00:00:00","['IND_617C']",-1,1.44994975210589,0.0638705019308116,-1,1.00153034733216,1.67164179104478,1.02731312313593,2,2,1,1,1.01715112759651,11
"79","THER_AREA_22ED","BRAND_A368",1.23142946317104,1.59732044322503,"BRAND_A368_COUNTRY_6B71","CORP_2F31","COUNTRY_6B71",2014-12-01,2017-07-01,"DRUG_ID_52A5","-1","['IND_617C']",1.4,1.05214739058857,0.0884584421473637,-1,1.00535504611256,1.50746268656716,1.02206575674175,2,2,1,1,1.01715112759651,7
"80","THER_AREA_22ED","BRAND_8DD7",1.08114856429463,1.65126942460334,"BRAND_8DD7_COUNTRY_C89B","CORP_65BB","COUNTRY_C89B",2018-09-01,2020-12-01,"DRUG_ID_52A5","2020-01-01 00:00:00","['IND_617C']",-1,1.44403164932279,0.0638705019308116,-1,1.00163736438869,1.61194029850746,1.01648099579868,2,2,1,1,1.01715112759651,12
"81","THER_AREA_22ED","BRAND_8DD7",1.08114856429463,1.65126942460334,"BRAND_8DD7_COUNTRY_C89B","CORP_65BB","COUNTRY_C89B",2018-09-01,2020-09-01,"DRUG_ID_52A5","2020-01-01 00:00:00","['IND_617C']",-1,1.44403164932279,0.0638705019308116,-1,1.00163412373515,1.61194029850746,1.0143736207625,2,2,1,1,1.01715112759651,9
"82","THER_AREA_22ED","BRAND_A368",1.24547440699126,1.6156953433643,"BRAND_A368_COUNTRY_6B71","CORP_2F31","COUNTRY_6B71",2014-12-01,2019-02-01,"DRUG_ID_52A5","-1","['IND_617C']",1.41333333333333,1.05118317972389,0.0903512467344746,-1,1.00597898848711,1.52238805970149,1.01707073388601,2,2,1,1,1.01715112759651,2
"83","THER_AREA_22ED","BRAND_8DD7",1.07178526841448,1.61736326000107,"BRAND_8DD7_COUNTRY_C89B","CORP_65BB","COUNTRY_C89B",2018-09-01,2021-04-01,"DRUG_ID_52A5","2020-01-01 00:00:00","['IND_617C']",-1,1.44994975210589,0.0638705019308116,-1,1.00131821645736,1.67164179104478,1.01558757707652,2,2,1,1,1.01715112759651,4
"84","THER_AREA_22ED","BRAND_A368",1.23142946317104,1.59732044322503,"BRAND_A368_COUNTRY_6B71","CORP_2F31","COUNTRY_6B71",2014-12-01,2017-12-01,"DRUG_ID_52A5","-1","['IND_617C']",1.4,1.05214739058857,0.0884584421473637,-1,1.00510296892053,1.50746268656716,1.02368095971458,2,2,1,1,1.01715112759651,12
"85","THER_AREA_22ED","BRAND_A368",1.26061173533084,1.7063557388159,"BRAND_A368_COUNTRY_6B71","CORP_2F31","COUNTRY_6B71",2014-12-01,2015-08-01,"DRUG_ID_52A5","-1","['IND_617C']",1.34666666666667,1.05308474584073,0.0873799091955145,-1,1.00644849234175,1.59701492537313,1.00965367279635,2,2,1,1,1.01715112759651,8
"86","THER_AREA_22ED","BRAND_8DD7",1.07178526841448,1.61736326000107,"BRAND_8DD7_COUNTRY_C89B","CORP_65BB","COUNTRY_C89B",2018-09-01,2021-01-01,"DRUG_ID_52A5","2020-01-01 00:00:00","['IND_617C']",-1,1.44994975210589,0.0638705019308116,-1,1.00167075008706,1.67164179104478,1.01721631669666,2,2,1,1,1.01715112759651,1
"87","THER_AREA_22ED","BRAND_8DD7",1.08114856429463,1.65126942460334,"BRAND_8DD7_COUNTRY_C89B","CORP_65BB","COUNTRY_C89B",2018-09-01,2020-08-01,"DRUG_ID_52A5","2020-01-01 00:00:00","['IND_617C']",-1,1.44403164932279,0.0638705019308116,-1,1.00162276946171,1.61194029850746,1.01340587818437,2,2,1,1,1.01715112759651,8
"88","THER_AREA_22ED","BRAND_8DD7",1.07178526841448,1.61736326000107,"BRAND_8DD7_COUNTRY_C89B","CORP_65BB","COUNTRY_C89B",2018-09-01,2021-05-01,"DRUG_ID_52A5","2020-01-01 00:00:00","['IND_617C']",-1,1.44994975210589,0.0638705019308116,-1,1.00130576998849,1.67164179104478,1.01756290594937,2,2,1,1,1.01715112759651,5
"89","THER_AREA_22ED","BRAND_A368",1.26061173533084,1.7063557388159,"BRAND_A368_COUNTRY_6B71","CORP_2F31","COUNTRY_6B71",2014-12-01,2015-03-01,"DRUG_ID_52A5","-1","['IND_617C']",1.34666666666667,1.05308474584073,0.0873799091955145,-1,1.00669352890883,1.59701492537313,1.00445355696351,2,2,1,1,1.01715112759651,3
"90","THER_AREA_22ED","BRAND_A368",1.24547440699126,1.6156953433643,"BRAND_A368_COUNTRY_6B71","CORP_2F31","COUNTRY_6B71",2014-12-01,2019-01-01,"DRUG_ID_52A5","2020-01-01 00:00:00","['IND_617C']",1.41333333333333,1.05118317972389,0.0903512467344746,-1,1.00589944487446,1.52238805970149,1.01778766537633,2,2,1,1,1.01715112759651,1
"91","THER_AREA_22ED","BRAND_A368",1.24547440699126,1.6156953433643,"BRAND_A368_COUNTRY_6B71","CORP_2F31","COUNTRY_6B71",2014-12-01,2019-06-01,"DRUG_ID_52A5","-1","['IND_617C']",1.41333333333333,1.05118317972389,0.0903512467344746,-1,1.00565205957888,1.52238805970149,1.01630987214407,2,2,1,1,1.01715112759651,6
"92","THER_AREA_22ED","BRAND_8DD7",1.08411360799001,1.6735362537229,"BRAND_8DD7_COUNTRY_C89B","CORP_65BB","COUNTRY_C89B",2018-09-01,2019-12-01,"DRUG_ID_52A5","2020-01-01 00:00:00","['IND_617C']",-1,1.43784409633128,0.0638705019308116,-1,1.00169026635064,1.59701492537313,1.01321432185458,2,2,1,1,1.01715112759651,12
"93","THER_AREA_22ED","BRAND_A368",1.26061173533084,1.7063557388159,"BRAND_A368_COUNTRY_6B71","CORP_2F31","COUNTRY_6B71",2014-12-01,2015-10-01,"DRUG_ID_52A5","-1","['IND_617C']",1.34666666666667,1.05308474584073,0.0873799091955145,-1,1.00613505799769,1.59701492537313,1.01068935401944,2,2,1,1,1.01715112759651,10
"94","THER_AREA_22ED","BRAND_8DD7",1.08114856429463,1.65126942460334,"BRAND_8DD7_COUNTRY_C89B","CORP_65BB","COUNTRY_C89B",2018-09-01,2020-01-01,"DRUG_ID_52A5","2020-01-01 00:00:00","['IND_617C']",-1,1.44403164932279,0.0638705019308116,-1,1.00177516741237,1.61194029850746,1.01293056307804,2,2,1,1,1.01715112759651,1
"95","THER_AREA_22ED","BRAND_A368",1.23096129837703,1.58207236192811,"BRAND_A368_COUNTRY_6B71","CORP_2F31","COUNTRY_6B71",2014-12-01,2018-02-01,"DRUG_ID_52A5","-1","['IND_617C']",1.42666666666667,1.05167125812923,0.089377327176947,-1,1.00515272934884,1.52238805970149,1.01660486889195,2,2,1,1,1.01715112759651,2
"96","THER_AREA_22ED","BRAND_A368",1.23142946317104,1.59732044322503,"BRAND_A368_COUNTRY_6B71","CORP_2F31","COUNTRY_6B71",2014-12-01,2017-03-01,"DRUG_ID_52A5","-1","['IND_617C']",1.4,1.05214739058857,0.0884584421473637,-1,1.00538228257115,1.50746268656716,1.02341891065542,2,2,1,1,1.01715112759651,3
"97","THER_AREA_22ED","BRAND_8DD7",1.08114856429463,1.65126942460334,"BRAND_8DD7_COUNTRY_C89B","CORP_65BB","COUNTRY_C89B",2018-09-01,2020-05-01,"DRUG_ID_52A5","2020-01-01 00:00:00","['IND_617C']",-1,1.44403164932279,0.0638705019308116,-1,1.00167629176566,1.61194029850746,1.01320742582671,2,2,1,1,1.01715112759651,5
"98","THER_AREA_22ED","BRAND_A368",1.26061173533084,1.7063557388159,"BRAND_A368_COUNTRY_6B71","CORP_2F31","COUNTRY_6B71",2014-12-01,2015-05-01,"DRUG_ID_52A5","-1","['IND_617C']",1.34666666666667,1.05308474584073,0.0873799091955145,-1,1.00665230267016,1.59701492537313,1.00649912315729,2,2,1,1,1.01715112759651,5
"99","THER_AREA_22ED","BRAND_A368",1.23096129837703,1.58207236192811,"BRAND_A368_COUNTRY_6B71","CORP_2F31","COUNTRY_6B71",2014-12-01,2018-03-01,"DRUG_ID_52A5","-1","['IND_617C']",1.42666666666667,1.05167125812923,0.089377327176947,-1,1.00517287146099,1.52238805970149,1.02599853589666,2,2,1,1,1.01715112759651,3
"100","THER_AREA_22ED","BRAND_8DD7",1.08114856429463,1.65126942460334,"BRAND_8DD7_COUNTRY_C89B","CORP_65BB","COUNTRY_C89B",2018-09-01,2020-11-01,"DRUG_ID_52A5","2020-01-01 00:00:00","['IND_617C']",-1,1.44403164932279,0.0638705019308116,-1,1.00163436237971,1.61194029850746,1.01586060869859,2,2,1,1,1.01715112759651,11
"101","THER_AREA_22ED","BRAND_A368",1.23142946317104,1.59732044322503,"BRAND_A368_COUNTRY_6B71","CORP_2F31","COUNTRY_6B71",2014-12-01,2017-09-01,"DRUG_ID_52A5","-1","['IND_617C']",1.4,1.05214739058857,0.0884584421473637,-1,1.00542674537716,1.50746268656716,1.02391516925381,2,2,1,1,1.01715112759651,9
"102","THER_AREA_22ED","BRAND_A368",1.22643570536829,1.57956169828146,"BRAND_A368_COUNTRY_6B71","CORP_2F31","COUNTRY_6B71",2014-12-01,2016-07-01,"DRUG_ID_52A5","-1","['IND_617C']",1.38666666666667,1.05261843174035,0.0875103054134562,-1,1.00532692131311,1.61194029850746,1.01727276196184,2,2,1,1,1.01715112759651,7
"103","THER_AREA_22ED","BRAND_8DD7",1.07178526841448,1.61736326000107,"BRAND_8DD7_COUNTRY_C89B","CORP_65BB","COUNTRY_C89B",2018-09-01,2021-02-01,"DRUG_ID_52A5","2020-01-01 00:00:00","['IND_617C']",-1,1.44994975210589,0.0638705019308116,-1,1.00163539743791,1.67164179104478,1.01941563877114,2,2,1,1,1.01715112759651,2
"104","THER_AREA_22ED","BRAND_8DD7",1.08114856429463,1.65126942460334,"BRAND_8DD7_COUNTRY_C89B","CORP_65BB","COUNTRY_C89B",2018-09-01,2020-02-01,"DRUG_ID_52A5","2020-01-01 00:00:00","['IND_617C']",-1,1.44403164932279,0.0638705019308116,-1,1.00173258008407,1.61194029850746,1.01322045165713,2,2,1,1,1.01715112759651,2
"105","THER_AREA_22ED","BRAND_A368",1.22643570536829,1.57956169828146,"BRAND_A368_COUNTRY_6B71","CORP_2F31","COUNTRY_6B71",2014-12-01,2016-04-01,"DRUG_ID_52A5","-1","['IND_617C']",1.38666666666667,1.05261843174035,0.0875103054134562,-1,1.0052307464001,1.61194029850746,1.01197175979531,2,2,1,1,1.01715112759651,4
"106","THER_AREA_22ED","BRAND_8DD7",1.06664446401373,1.52749465978934,"BRAND_8DD7_COUNTRY_C89B","CORP_65BB","COUNTRY_C89B",2018-09-01,2022-02-01,"DRUG_ID_52A5","2020-01-01 00:00:00","['IND_617C']",-1,1.45483681129935,0.0638705019308116,-1,1.00161942633913,1.67598078059702,1.03190357902314,2,2,1,1,1.01715112759651,2
"107","THER_AREA_22ED","BRAND_8DD7",1.08411360799001,1.6735362537229,"BRAND_8DD7_COUNTRY_C89B","CORP_65BB","COUNTRY_C89B",2018-09-01,2019-05-01,"DRUG_ID_52A5","2020-01-01 00:00:00","['IND_617C']",-1,1.43784409633128,0.0638705019308116,-1,1.0019569506092,1.59701492537313,1.00955738381457,2,2,1,1,1.01715112759651,5
"108","THER_AREA_22ED","BRAND_A368",1.22643570536829,1.57956169828146,"BRAND_A368_COUNTRY_6B71","CORP_2F31","COUNTRY_6B71",2014-12-01,2016-09-01,"DRUG_ID_52A5","-1","['IND_617C']",1.38666666666667,1.05261843174035,0.0875103054134562,-1,1.00543725963831,1.61194029850746,1.01647997416493,2,2,1,1,1.01715112759651,9
"109","THER_AREA_22ED","BRAND_A368",1.23142946317104,1.59732044322503,"BRAND_A368_COUNTRY_6B71","CORP_2F31","COUNTRY_6B71",2014-12-01,2017-08-01,"DRUG_ID_52A5","-1","['IND_617C']",1.4,1.05214739058857,0.0884584421473637,-1,1.00542458893235,1.50746268656716,1.01882871017665,2,2,1,1,1.01715112759651,8
"110","THER_AREA_22ED","BRAND_A368",1.23142946317104,1.59732044322503,"BRAND_A368_COUNTRY_6B71","CORP_2F31","COUNTRY_6B71",2014-12-01,2017-06-01,"DRUG_ID_52A5","-1","['IND_617C']",1.4,1.05214739058857,0.0884584421473637,-1,1.00543900309777,1.50746268656716,1.02184482844138,2,2,1,1,1.01715112759651,6
"111","THER_AREA_22ED","BRAND_A368",1.24547440699126,1.6156953433643,"BRAND_A368_COUNTRY_6B71","CORP_2F31","COUNTRY_6B71",2014-12-01,2019-08-01,"DRUG_ID_52A5","-1","['IND_617C']",1.41333333333333,1.05118317972389,0.0903512467344746,-1,1.0055896775043,1.52238805970149,1.01624755248477,2,2,1,1,1.01715112759651,8
"112","THER_AREA_22ED","BRAND_8DD7",1.06664446401373,1.52749465978934,"BRAND_8DD7_COUNTRY_C89B","CORP_65BB","COUNTRY_C89B",2018-09-01,2022-08-01,"DRUG_ID_52A5","2020-01-01 00:00:00","['IND_617C']",-1,1.45483681129935,0.0638705019308116,-1,1.00163192589416,1.67598078059702,1.03072384744004,2,2,1,1,1.01715112759651,8
